frame_number,man/woman,emotion,year,movie_name
122,man,neutral,2015,pyaar_ka_punchname_2
14,man,neutral,2015,pyaar_ka_punchname_2
28,man,angry,2015,pyaar_ka_punchname_2
51,woman,angry,2015,pyaar_ka_punchname_2
98,man,happy,2015,pyaar_ka_punchname_2
98,man,sad,2015,pyaar_ka_punchname_2
98,woman,happy,2015,pyaar_ka_punchname_2
118,man,sad,2015,pyaar_ka_punchname_2
132,man,angry,2015,pyaar_ka_punchname_2
44,woman,happy,2015,pyaar_ka_punchname_2
173,man,neutral,2015,pyaar_ka_punchname_2
4,man,neutral,2015,pyaar_ka_punchname_2
11,man,neutral,2015,pyaar_ka_punchname_2
131,man,neutral,2015,pyaar_ka_punchname_2
3,man,neutral,2015,pyaar_ka_punchname_2
170,man,happy,2015,pyaar_ka_punchname_2
15,man,neutral,2015,pyaar_ka_punchname_2
120,man,neutral,2015,pyaar_ka_punchname_2
108,woman,neutral,2015,pyaar_ka_punchname_2
140,man,happy,2015,pyaar_ka_punchname_2
140,man,happy,2015,pyaar_ka_punchname_2
140,man,neutral,2015,pyaar_ka_punchname_2
86,man,neutral,2015,pyaar_ka_punchname_2
156,woman,sad,2015,pyaar_ka_punchname_2
158,man,neutral,2015,pyaar_ka_punchname_2
158,man,neutral,2015,pyaar_ka_punchname_2
59,woman,sad,2015,pyaar_ka_punchname_2
107,woman,neutral,2015,pyaar_ka_punchname_2
104,man,sad,2015,pyaar_ka_punchname_2
168,man,neutral,2015,pyaar_ka_punchname_2
162,man,happy,2015,pyaar_ka_punchname_2
106,woman,sad,2015,pyaar_ka_punchname_2
106,man,sad,2015,pyaar_ka_punchname_2
106,woman,neutral,2015,pyaar_ka_punchname_2
52,woman,sad,2015,pyaar_ka_punchname_2
176,man,sad,2015,pyaar_ka_punchname_2
150,woman,happy,2015,pyaar_ka_punchname_2
68,man,sad,2015,pyaar_ka_punchname_2
121,man,neutral,2015,pyaar_ka_punchname_2
53,woman,sad,2015,pyaar_ka_punchname_2
142,man,happy,2015,pyaar_ka_punchname_2
142,man,happy,2015,pyaar_ka_punchname_2
12,man,neutral,2015,pyaar_ka_punchname_2
8,man,neutral,2015,pyaar_ka_punchname_2
8,man,happy,2015,pyaar_ka_punchname_2
8,man,happy,2015,pyaar_ka_punchname_2
63,woman,neutral,2015,pyaar_ka_punchname_2
165,man,angry,2015,pyaar_ka_punchname_2
171,man,surprise,2015,pyaar_ka_punchname_2
67,man,sad,2015,pyaar_ka_punchname_2
103,man,sad,2015,pyaar_ka_punchname_2
54,woman,happy,2015,pyaar_ka_punchname_2
138,man,angry,2015,pyaar_ka_punchname_2
138,man,neutral,2015,pyaar_ka_punchname_2
138,man,happy,2015,pyaar_ka_punchname_2
89,woman,neutral,2015,pyaar_ka_punchname_2
116,man,neutral,2015,pyaar_ka_punchname_2
135,man,happy,2015,pyaar_ka_punchname_2
135,man,neutral,2015,pyaar_ka_punchname_2
135,man,neutral,2015,pyaar_ka_punchname_2
109,man,sad,2015,pyaar_ka_punchname_2
175,man,angry,2015,pyaar_ka_punchname_2
164,man,angry,2015,pyaar_ka_punchname_2
66,woman,fear,2015,pyaar_ka_punchname_2
13,man,angry,2015,pyaar_ka_punchname_2
7,man,neutral,2015,pyaar_ka_punchname_2
7,man,happy,2015,pyaar_ka_punchname_2
7,woman,happy,2015,pyaar_ka_punchname_2
7,woman,happy,2015,pyaar_ka_punchname_2
133,woman,happy,2015,pyaar_ka_punchname_2
136,man,angry,2015,pyaar_ka_punchname_2
136,man,neutral,2015,pyaar_ka_punchname_2
136,man,sad,2015,pyaar_ka_punchname_2
172,man,sad,2015,pyaar_ka_punchname_2
141,man,angry,2015,pyaar_ka_punchname_2
141,man,neutral,2015,pyaar_ka_punchname_2
141,man,neutral,2015,pyaar_ka_punchname_2
16,man,sad,2015,pyaar_ka_punchname_2
17,man,neutral,2015,pyaar_ka_punchname_2
167,man,neutral,2015,pyaar_ka_punchname_2
10,man,neutral,2015,pyaar_ka_punchname_2
10,man,happy,2015,pyaar_ka_punchname_2
10,man,happy,2015,pyaar_ka_punchname_2
10,man,happy,2015,pyaar_ka_punchname_2
134,man,neutral,2015,pyaar_ka_punchname_2
134,man,neutral,2015,pyaar_ka_punchname_2
134,man,neutral,2015,pyaar_ka_punchname_2
166,man,angry,2015,pyaar_ka_punchname_2
160,man,sad,2015,pyaar_ka_punchname_2
169,man,angry,2015,pyaar_ka_punchname_2
119,man,neutral,2015,pyaar_ka_punchname_2
9,man,neutral,2015,pyaar_ka_punchname_2
9,man,happy,2015,pyaar_ka_punchname_2
9,woman,happy,2015,pyaar_ka_punchname_2
9,woman,happy,2015,pyaar_ka_punchname_2
100,man,happy,2015,pyaar_ka_punchname_2
100,woman,happy,2015,pyaar_ka_punchname_2
100,man,happy,2015,pyaar_ka_punchname_2
127,woman,happy,2015,pyaar_ka_punchname_2
157,man,sad,2015,pyaar_ka_punchname_2
137,man,neutral,2015,pyaar_ka_punchname_2
137,man,neutral,2015,pyaar_ka_punchname_2
137,man,neutral,2015,pyaar_ka_punchname_2
115,man,sad,2015,pyaar_ka_punchname_2
101,man,neutral,2015,pyaar_ka_punchname_2
159,man,fear,2015,pyaar_ka_punchname_2
99,man,happy,2015,pyaar_ka_punchname_2
99,man,fear,2015,pyaar_ka_punchname_2
99,woman,sad,2015,pyaar_ka_punchname_2
117,man,neutral,2015,pyaar_ka_punchname_2
105,woman,happy,2015,pyaar_ka_punchname_2
105,man,disgust,2015,pyaar_ka_punchname_2
105,woman,happy,2015,pyaar_ka_punchname_2
114,man,neutral,2015,pyaar_ka_punchname_2
6,man,neutral,2015,pyaar_ka_punchname_2
6,man,happy,2015,pyaar_ka_punchname_2
6,woman,happy,2015,pyaar_ka_punchname_2
6,woman,happy,2015,pyaar_ka_punchname_2
174,man,neutral,2015,pyaar_ka_punchname_2
64,woman,fear,2015,pyaar_ka_punchname_2
130,man,neutral,2015,pyaar_ka_punchname_2
5,man,neutral,2015,pyaar_ka_punchname_2
177,man,neutral,2015,pyaar_ka_punchname_2
139,man,neutral,2015,pyaar_ka_punchname_2
139,man,neutral,2015,pyaar_ka_punchname_2
139,man,neutral,2015,pyaar_ka_punchname_2
80,woman,sad,2015,pyaar_ka_punchname_2
